"RANK","Nom Unité Opérationnelle","Identifiant GED","Site CEC","Service","Fournisseur","Blocage","Chef de projet","Entité","CA","Num commande","Montant de la commande/Appel de cde","Montant des réceptions","Montant des factures","Montant mise à disposition","Numéro Facture","Montant Facture TTC (DEVISE)","Devise Facture","Type","Acheteur","Type d'achat PO","Intervenant","Nombre de jours à l'échéance","Échéance"
"1","JF8_34272:56812","L_774645_79451929","Port Jorf","JORF Z","Fournisseur X","Missing","Missing","Missing","Missing","D3427623","70970600","2019000","33286700","13828400","=_2298849","12684900","MAD","F locaux","KANFAOUI.55","S - stocks","Litige","-8","Echue"
"11","JF8_28471:77616","F_80391_27107932","Port Jorf","JORF Z","Fournisseur X","Missing","Missing","Missing","Missing","B6073303","42917500","35204200","35247000","41048000",">_1982479","21074400","MAD","F locaux","KANFAOUI.56","S - stocks","Litige","-3","Echue"
"21","OCP_40622:9213","K_710861_77397075","Port Jorf","JORF Z","Fournisseur X","Missing","Missing","Missing","Missing","=1255982","95081300","64901200","81662400","84575700",">_4709946","62647200","MAD","F locaux","KANFAOUI.57","S - stocks","Litige","4","Echue dans 7 jours"
"31","JF8_11439:50865","Q_707140_33016509","Port Jorf","JORF Z","Fournisseur X","Missing","Missing","Missing","Missing",">4848350","32831500","5682880","6344080","9874670",">_2481410","7352190","MAD","F locaux","KANFAOUI.58","S - stocks","Litige","26","Echue dans 30 jours"
"41","OCP_1458:32527","?_399857_97055174","Port Jorf","JORF Z","Fournisseur X","Missing","Missing","Missing","Missing","?372418","95910500","420909","474264","2862920","E_2046676","1792890","MAD","F locaux","KANFAOUI.59","S - stocks","Litige","18","Echue dans 30 jours"
"51","JF8_32586:95294",">_785217_99067842","Port Jorf","JORF Z","Fournisseur X","Missing","Missing","Missing","Missing","A1914743","13331100","533426","1972870","7440560","@_287230","2812000","MAD","F locaux","KANFAOUI.60","S - stocks","Litige","11","Echue dans 30 jours"
"61","JF8_11840:92236","T_688547_80760252","Port Jorf","JORF Z","Fournisseur X","Missing","Missing","Missing","Missing","B1393945","63476400","9211400","53707200","50636000",">_647571","34317200","MAD","F locaux","KANFAOUI.61","S - stocks","Litige","49","Echue dans 60 jours"
"71","OCP_74755:53887","P_146255_84097215","Port Jorf","JORF Z","Fournisseur X","Missing","Missing","Missing","Missing","A1749610","72151500","33554200","44912700","4649880","?_5243687","1520070","MAD","F locaux","KANFAOUI.62","S - stocks","Litige","19","Echue dans 30 jours"
"81","OCP_21623:45402","I_934163_89690402","Port Jorf","JORF Z","Fournisseur X","Missing","Missing","Missing","Missing","E1240867","10155000","9371540","9506540","8578910","=_3900976","7464180","MAD","F locaux","KANFAOUI.63","S - stocks","Litige","29","Echue dans 30 jours"
"91","OCP_66111:61784","T_800378_71742894","Port Jorf","JORF Z","Fournisseur X","Missing","Missing","Missing","Missing","=4413439","53882200","2099640","4245760","7707240","A_3149743","6541160","MAD","F locaux","KANFAOUI.64","S - stocks","Litige","-5","Echue"
"101","JF8_15439:34379","H_251840_69723008","Port Jorf","JORF Z","Fournisseur X","Missing","Missing","Missing","Missing","B6301268","60615400","5995140","25641900","23645800","=_4818117","19283500","MAD","F locaux","KANFAOUI.65","S - stocks","Litige","51","Echue dans 60 jours"
"111","JF8_73147:83421","=_256254_91730095","Port Jorf","JORF Z","Fournisseur X","Missing","Missing","Missing","Missing","<1066355","40595300","27778900","36531000","11503600","=_2050950","6744880","MAD","F locaux","KANFAOUI.66","S - stocks","Litige","-1","Echue"
"121","JF8_9582:9861","V_436450_46022028","Port Jorf","JORF Z","Fournisseur X","Missing","Missing","Missing","Missing","@2645676","18561800","4830160","16586800","2296860","<_1035843","1124290","MAD","F locaux","KANFAOUI.67","S - stocks","Litige","17","Echue dans 30 jours"
"131","JF8_40416:46256","J_736380_75892592","Port Jorf","JORF Z","Fournisseur X","Missing","Missing","Missing","Missing","=2692766","48872200","15130500","29457500","16739300","F_6191283","7252080","MAD","F locaux","KANFAOUI.68","S - stocks","Litige","47","Echue dans 60 jours"
"141","OCP_57132:51455","S_452215_77034408","Port Jorf","JORF Z","Fournisseur X","Missing","Missing","Missing","Missing","F2463503","15007200","5977520","7269680","7536450","B_4048420","4702450","MAD","F locaux","KANFAOUI.69","S - stocks","Litige","39","Echue dans 60 jours"
"151","JF8_10200:49296","@_296486_60438484","Port Jorf","JORF Z","Fournisseur X","Missing","Missing","Missing","Missing","F1553950","45996400","4150410","26217000","36711700","=_892068","1117470","MAD","F locaux","KANFAOUI.70","S - stocks","Litige","1","Echue dans 7 jours"
"161","OCP_78925:25455","I_955077_72217246","Port Jorf","JORF Z","Fournisseur X","Missing","Missing","Missing","Missing","E3335441","56587600","20951800","29446000","42281700","F_2293176","37188800","MAD","F locaux","KANFAOUI.71","S - stocks","Litige","47","Echue dans 60 jours"
"171","JF8_92659:9534","?_97982_9572479","Port Jorf","JORF Z","Fournisseur X","Missing","Missing","Missing","Missing","<5866209","8859240","3227560","7902920","2392000","C_1611019","1832650","MAD","F locaux","KANFAOUI.72","S - stocks","Litige","47","Echue dans 60 jours"
"181","JF8_35592:44092","I_556649_68724884","Port Jorf","JORF Z","Fournisseur X","Missing","Missing","Missing","Missing","?1985597","16311400","796097","1352660","1868290","A_322509","384185","MAD","F locaux","KANFAOUI.73","S - stocks","Litige","-10","Echue"
"191","JF8_26308:11124","Z_839220_10212152","Port Jorf","JORF Z","Fournisseur X","Missing","Missing","Missing","Missing","C6382139","21922500","19896900","21275400","4851990","?_6514337","2653620","MAD","F locaux","KANFAOUI.74","S - stocks","Litige","44","Echue dans 60 jours"
"201","JF8_67602:2231","V_696054_10119163","Port Jorf","JORF Z","Fournisseur X","Missing","Missing","Missing","Missing","F1135148","4933160","837019","2689430","4871160","@_2421770","4105070","MAD","F locaux","KANFAOUI.75","S - stocks","Litige","48","Echue dans 60 jours"
"211","JF8_64228:9575","B_105548_34551088","Port Jorf","JORF Z","Fournisseur X","Missing","Missing","Missing","Missing","=1730711","75556200","18214400","27328300","47109900",">_3672123","33482800","MAD","F locaux","KANFAOUI.76","S - stocks","Litige","-10","Echue"
"212","OCP_24977:43634","CDS30403_0210_59006","Port Jorf","JORF B","Fournisseur Y","XX","XX","JFC18","Karim.Hfad",">2068805","22891200","1422320","2275860","17699900","<_3908800","6592540","USD","F étrangers","SAMAR.8909","M - marché","SPOC","2","Echue dans 7 jours"
"221","OCP_69318:68256","S_432792_86981434","Port Jorf","JORF Z","Fournisseur X","Missing","Missing","Missing","Missing","C2844861","49601500","2375640","46948000","24491700","E_5786985","23587300","MAD","F locaux","KANFAOUI.77","S - stocks","Litige","43","Echue dans 60 jours"
"222","JF8_857:57749","CDS30403_0210_59007","Port Jorf","JORF B","Fournisseur Y","XX","XX","JFC19","Karim.Hfad","?4748474","58711000","6916710","11836200","52837000","A_925470","32714500","EUR","F étrangers","SAMAR.8910","M - marché","SPOC","26","Echue dans 30 jours"
"231","JF8_59910:87171","R_369902_94726867","Port Jorf","JORF Z","Fournisseur X","Missing","Missing","Missing","Missing","<5563100","85832200","38970700","56298500","24745400","C_471332","3943260","MAD","F locaux","KANFAOUI.78","S - stocks","Litige","55","Echue dans 60 jours"
"233","OCP_38025:13596","330_0003_565637","Port Jorf","JORF Z","Fournisseur Z","XX","XX","JFC19","Karim.Hfad","<3438688","53579100","20606800","51204600","37644800","=_3649580","8482950","EUR","F étrangers","RIYAHI.8568","M - Frais communs - Achats de Travaux, Etudes et Prestations de service","SPOC","34","Echue dans 60 jours"
"241","OCP_74092:25383","A_608706_93101187","Port Jorf","JORF Z","Fournisseur X","Missing","Missing","Missing","Missing","B639663","59117000","52570300","57370500","50351900",">_5333680","5657960","MAD","F locaux","KANFAOUI.79","S - stocks","Litige","7","Echue dans 7 jours"
"243","JF8_91859:12197","330_0003_565638","Port Jorf","JORF Z","Fournisseur Z","XX","XX","JFC20","Karim.Hfad",">902825","32462400","337766","1533600","16410200","?_578584","11053700","USD","F étrangers","RIYAHI.8569","M - Frais communs - Achats de Travaux, Etudes et Prestations de service","SPOC","14","Echue dans 30 jours"
"251","OCP_24684:42418","J_49679_9691287","Port Jorf","JORF Z","Fournisseur X","Missing","Missing","Missing","Missing","F99170","42761600","32727600","38896600","32391300","=_4690733","5144690","MAD","F locaux","KANFAOUI.80","S - stocks","Litige","-6","Echue"
"254","OCP_66461:93578","30_0003_500546","Port Jorf","JORF B","Fournisseur A","XX","XX","JFC20","Karim.Hfad","<3576596","75943100","12645500","19476200","20661800","E_1346482","12192900","MAD","F locaux","KARAMI.5923","E - Equipement","SPOC","34","Echue dans 60 jours"
"261","OCP_45013:86671","U_382069_90281904","Port Jorf","JORF Z","Fournisseur X","Missing","Missing","Missing","Missing","<6564576","28437800","6078860","7651210","24188000","D_376751","9771700","MAD","F locaux","KANFAOUI.81","S - stocks","Litige","8","Echue dans 30 jours"
"264","OCP_20549:51412","30_0003_500547","Port Jorf","JORF B","Fournisseur A","XX","XX","JFC21","Karim.Hfad","D1484653","80499900","8628860","36688700","51535700","C_3896491","4893060","MAD","F locaux","KARAMI.5924","E - Equipement","SPOC","4","Echue dans 7 jours"
"271","OCP_69819:95480","Q_551610_18901992","Port Jorf","JORF Z","Fournisseur X","Missing","Missing","Missing","Missing","C2625506","20987200","2187220","2608650","16913700",">_4285469","3859200","MAD","F locaux","KANFAOUI.82","S - stocks","Litige","47","Echue dans 60 jours"
"275","OCP_16217:64025","0921_0090_33254442","Port Jorf","JORF Z","Fournisseur B","XX","XX","JFC21","Karim.Hfad","E3928758","4923880","1108300","1638990","4772020","E_2978655","1646970","MAD","F locaux","HASSAN.3360","M - Frais communs - Achats de Travaux, Etudes et Prestations de service","SPOC","46","Echue dans 60 jours"
"281","JF8_98616:14263","X_409262_19037142","Port Jorf","JORF Z","Fournisseur X","Missing","Missing","Missing","Missing","B6525980","84197200","2223410","35943800","3423400","?_4918519","1270730","MAD","F locaux","KANFAOUI.83","S - stocks","Litige","-8","Echue"
"285","OCP_9296:39703","0921_0090_33254443","Port Jorf","JORF Z","Fournisseur B","XX","XX","JFC22","Karim.Hfad","=846818","11530800","4005710","5033890","2197640","=_888306","422512","MAD","F locaux","HASSAN.3361","M - Frais communs - Achats de Travaux, Etudes et Prestations de service","SPOC","-1","Echue"
"291","JF8_9218:17241","=_974082_31571888","Port Jorf","JORF Z","Fournisseur X","Missing","Missing","Missing","Missing","=3273047","6030430","868570","5208980","3177220","C_5631010","1267340","MAD","F locaux","KANFAOUI.84","S - stocks","Litige","21","Echue dans 30 jours"
"296","OCP_24350:12118","322_0117_561358681","Port Jorf","JORF B","Fournisseur C","XX","XX","JFC22","Karim.Hfad","@5805256","67239800","7059250","11081300","11700500","C_408459","3374910","MAD","F locaux","RABII.917","S - stocks","SPOC","-6","Echue"
"301","OCP_94336:98117","Y_717388_17397729","Port Jorf","JORF Z","Fournisseur X","Missing","Missing","Missing","Missing","D5320408","53932900","28791800","31858600","35308800","E_2858372","24314100","MAD","F locaux","KANFAOUI.85","S - stocks","Litige","49","Echue dans 60 jours"
"311","OCP_53633:83176","<_664995_92685260","Port Jorf","JORF Z","Fournisseur X","Missing","Missing","Missing","Missing","E1409750","12033200","674567","2908800","5661220","F_310825","5494880","MAD","F locaux","KANFAOUI.86","S - stocks","Litige","-4","Echue"
"321","JF8_47422:2754","V_589_4361431","Port Jorf","JORF Z","Fournisseur X","Missing","Missing","Missing","Missing","@1062330","13972700","365949","13242100","13831300","C_3444347","12739000","MAD","F locaux","KANFAOUI.87","S - stocks","Litige","57","Echue dans 60 jours"
"331","OCP_96350:49341","K_492780_28043022","Port Jorf","JORF Z","Fournisseur X","Missing","Missing","Missing","Missing","C4597197","8891890","431508","1498850","482441","C_168943","29374","MAD","F locaux","KANFAOUI.88","S - stocks","Litige","40","Echue dans 60 jours"
"341","OCP_90721:25291","P_759152_67293862","Port Jorf","JORF Z","Fournisseur X","Missing","Missing","Missing","Missing","<5693389","730127","1684","3865","226239","=_2039833","124849","MAD","F locaux","KANFAOUI.89","S - stocks","Litige","-2","Echue"
"351","JF8_96754:8891","N_812305_36346995","Port Jorf","JORF Z","Fournisseur X","Missing","Missing","Missing","Missing","E528708","68292500","2516220","41674500","8464280","?_1830017","2934050","MAD","F locaux","KANFAOUI.90","S - stocks","Litige","46","Echue dans 60 jours"
"361","OCP_29810:45568","Y_198935_85568631","Port Jorf","JORF Z","Fournisseur X","Missing","Missing","Missing","Missing","C1127896","57347300","28862800","31680000","1487620","D_2449187","702596","MAD","F locaux","KANFAOUI.91","S - stocks","Litige","-19","Echue"
"371","JF8_71635:58841","G_675918_62330020","Port Jorf","JORF Z","Fournisseur X","Missing","Missing","Missing","Missing","A1157301","1856260","324858","1750770","1208080","D_3277371","892889","MAD","F locaux","KANFAOUI.92","S - stocks","Litige","14","Echue dans 30 jours"
"381","JF8_6578:30387","Q_30660_33997872","Port Jorf","JORF Z","Fournisseur X","Missing","Missing","Missing","Missing","E5079045","73613400","45043300","72047900","62097300","E_2370081","32526100","MAD","F locaux","KANFAOUI.93","S - stocks","Litige","44","Echue dans 60 jours"
"391","OCP_29810:21453","D_794117_22164254","Port Jorf","JORF Z","Fournisseur X","Missing","Missing","Missing","Missing","?2186638","22415000","635977","5582970","19453100","<_6523297","10025200","MAD","F locaux","KANFAOUI.94","S - stocks","Litige","56","Echue dans 60 jours"
"401","OCP_44551:58954","F_683118_23570329","Port Jorf","JORF Z","Fournisseur X","Missing","Missing","Missing","Missing","C6294090","1044290","60117","77958","739310","B_4196686","572612","MAD","F locaux","KANFAOUI.95","S - stocks","Litige","4","Echue dans 7 jours"
"411","OCP_16246:587","F_395014_51002682","Port Jorf","JORF Z","Fournisseur X","Missing","Missing","Missing","Missing",">5282857","81150800","49157100","60677300","4910550","E_4251048","2276380","MAD","F locaux","KANFAOUI.96","S - stocks","Litige","0","Echue dans 7 jours"
"421","OCP_96743:92998","O_807167_76137314","Port Jorf","JORF Z","Fournisseur X","Missing","Missing","Missing","Missing","<5685210","69693300","13141800","19028500","26320700","D_3008670","26265300","MAD","F locaux","KANFAOUI.97","S - stocks","Litige","47","Echue dans 60 jours"
"422","JF8_15158:86427","CDS30403_0210_59027","Port Jorf","JORF B","Fournisseur Y","XX","XX","JFC28","Karim.Hfad","D6172805","35681900","13536800","27534100","1677610","B_3336863","875625","USD","F étrangers","SAMAR.8930","M - marché","SPOC","51","Echue dans 60 jours"
"431","OCP_79201:870","G_41941_26566715","Port Jorf","JORF Z","Fournisseur X","Missing","Missing","Missing","Missing","D5127093","80390100","44144700","44484500","39472200","B_284232","2023850","MAD","F locaux","KANFAOUI.98","S - stocks","Litige","-1","Echue"
"432","JF8_68686:46086","CDS30403_0210_59028","Port Jorf","JORF B","Fournisseur Y","XX","XX","JFC29","Karim.Hfad","D6632308","77092300","2791580","57238000","9083410","F_267957","4020070","USD","F étrangers","SAMAR.8931","M - marché","SPOC","36","Echue dans 60 jours"
"441","OCP_74610:28388","E_552209_3408364","Port Jorf","JORF Z","Fournisseur X","Missing","Missing","Missing","Missing","B5269386","76598000","65166400","70009600","32272000","@_585000","24672500","MAD","F locaux","KANFAOUI.99","S - stocks","Litige","14","Echue dans 30 jours"
"443","JF8_23245:38673","330_0003_565658","Port Jorf","JORF Z","Fournisseur Z","XX","XX","JFC29","Karim.Hfad","B6350494","3417150","400996","1815840","1715610","<_3722808","257212","USD","F étrangers","RIYAHI.8589","M - Frais communs - Achats de Travaux, Etudes et Prestations de service","SPOC","20","Echue dans 30 jours"
"451","JF8_77172:52018","U_80891_27837376","Port Jorf","JORF Z","Fournisseur X","Missing","Missing","Missing","Missing","F5568818","29539700","1402600","15269100","26156400","D_3290592","12029500","MAD","F locaux","KANFAOUI.100","S - stocks","Litige","57","Echue dans 60 jours"
"453","OCP_53241:47078","330_0003_565659","Port Jorf","JORF Z","Fournisseur Z","XX","XX","JFC30","Karim.Hfad","F1424901","27768000","1434760","26493500","18579800","?_5172937","15906600","EUR","F étrangers","RIYAHI.8590","M - Frais communs - Achats de Travaux, Etudes et Prestations de service","SPOC","-15","Echue"
"461","OCP_43829:23672","@_526318_9608634","Port Jorf","JORF Z","Fournisseur X","Missing","Missing","Missing","Missing","C4503848","14839100","166960","9187660","5817870","<_4073458","5722370","MAD","F locaux","KANFAOUI.101","S - stocks","Litige","40","Echue dans 60 jours"
"464","OCP_15870:59529","30_0003_500567","Port Jorf","JORF B","Fournisseur A","XX","XX","JFC30","Karim.Hfad","C3041164","18948800","6760840","7388910","6551820","B_210082","2918920","MAD","F locaux","KARAMI.5944","E - Equipement","SPOC","37","Echue dans 60 jours"
"471","JF8_41345:35378","C_939189_16879090","Port Jorf","JORF Z","Fournisseur X","Missing","Missing","Missing","Missing","F5431894","50897200","9158780","12074800","907384","@_1600984","159922","MAD","F locaux","KANFAOUI.102","S - stocks","Litige","4","Echue dans 7 jours"
"474","OCP_51969:18620","30_0003_500568","Port Jorf","JORF B","Fournisseur A","XX","XX","JFC31","Karim.Hfad","?3363195","2281330","990426","1867160","2260040","F_6402052","523602","MAD","F locaux","KARAMI.5945","E - Equipement","SPOC","-11","Echue"
"481","JF8_88065:69174","N_420333_63591731","Port Jorf","JORF Z","Fournisseur X","Missing","Missing","Missing","Missing","E4430146","83821000","47773200","79142100","64977600","<_3830797","53753400","MAD","F locaux","KANFAOUI.103","S - stocks","Litige","38","Echue dans 60 jours"
"485","OCP_17733:40965","0921_0090_33254463","Port Jorf","JORF Z","Fournisseur B","XX","XX","JFC31","Karim.Hfad","D1942568","11328200","3862940","9747150","9882980","?_945346","4045320","MAD","F locaux","HASSAN.3381","M - Frais communs - Achats de Travaux, Etudes et Prestations de service","SPOC","33","Echue dans 60 jours"
"491","OCP_30179:60934","V_982973_94276190","Port Jorf","JORF Z","Fournisseur X","Missing","Missing","Missing","Missing","A915896","64306200","11281500","13371600","37672500","=_2538897","8530610","MAD","F locaux","KANFAOUI.104","S - stocks","Litige","34","Echue dans 60 jours"
"495","OCP_84381:39932","0921_0090_33254464","Port Jorf","JORF Z","Fournisseur B","XX","XX","JFC32","Karim.Hfad","C1213082","44141900","25703900","36311900","19541900","E_3461503","12744300","MAD","F locaux","HASSAN.3382","M - Frais communs - Achats de Travaux, Etudes et Prestations de service","SPOC","-6","Echue"
"501","JF8_20818:59470",">_643266_53758270","Port Jorf","JORF Z","Fournisseur X","Missing","Missing","Missing","Missing","C4317292","84284200","1911160","55430400","12717100","<_208979","9559060","MAD","F locaux","KANFAOUI.105","S - stocks","Litige","1","Echue dans 7 jours"
"506","JF8_31109:27819","322_0117_561358702","Port Jorf","JORF B","Fournisseur C","XX","XX","JFC32","Karim.Hfad","B3551926","52051200","8278000","33010400","6328290","B_2635610","46653","MAD","F locaux","RABII.938","S - stocks","SPOC","-20","Echue"
"511","JF8_5334:82963",">_457161_54159990","Port Jorf","JORF Z","Fournisseur X","Missing","Missing","Missing","Missing","@3137492","75925200","29745100","34610400","26519600","B_3940373","4990920","MAD","F locaux","KANFAOUI.106","S - stocks","Litige","29","Echue dans 30 jours"
"521","JF8_33372:99812","P_444012_40495404","Port Jorf","JORF Z","Fournisseur X","Missing","Missing","Missing","Missing","B2700947","6425840","4055580","5845480","4644460","A_2573499","918516","MAD","F locaux","KANFAOUI.107","S - stocks","Litige","40","Echue dans 60 jours"
"531","JF8_64580:30443","K_917350_13413793","Port Jorf","JORF Z","Fournisseur X","Missing","Missing","Missing","Missing","D429219","43314100","7104970","17917100","35921200","B_140062","15078000","MAD","F locaux","KANFAOUI.108","S - stocks","Litige","48","Echue dans 60 jours"
"541","JF8_33924:96074","O_593335_56152441","Port Jorf","JORF Z","Fournisseur X","Missing","Missing","Missing","Missing","=1923166","30854100","162548","15159700","9424220","D_207372","5460640","MAD","F locaux","KANFAOUI.109","S - stocks","Litige","24","Echue dans 30 jours"
"551","OCP_89054:61743","?_808512_48451310","Port Jorf","JORF Z","Fournisseur X","Missing","Missing","Missing","Missing","B6067601","2971360","768762","1282400","1172680","<_3353709","760223","MAD","F locaux","KANFAOUI.110","S - stocks","Litige","44","Echue dans 60 jours"
"561","JF8_7205:11239","?_282844_97559541","Port Jorf","JORF Z","Fournisseur X","Missing","Missing","Missing","Missing","<5524314","14715000","799705","7121240","1441410","<_6172648","862838","MAD","F locaux","KANFAOUI.111","S - stocks","Litige","46","Echue dans 60 jours"
"571","OCP_14051:22261","K_894906_71722741","Port Jorf","JORF Z","Fournisseur X","Missing","Missing","Missing","Missing",">5165264","77932200","64908700","70637900","26799400","=_5274436","3709220","MAD","F locaux","KANFAOUI.112","S - stocks","Litige","-7","Echue"
"581","JF8_46726:6259","R_935131_32026721","Port Jorf","JORF Z","Fournisseur X","Missing","Missing","Missing","Missing","?4507966","24006400","11876500","17197100","2254020","<_5350013","60514","MAD","F locaux","KANFAOUI.113","S - stocks","Litige","2","Echue dans 7 jours"
"591","OCP_53848:28572","A_756767_66756082","Port Jorf","JORF Z","Fournisseur X","Missing","Missing","Missing","Missing","C337721","2295640","995551","1287330","151732","@_4199956","147469","MAD","F locaux","KANFAOUI.114","S - stocks","Litige","28","Echue dans 30 jours"
"601","OCP_90680:58279","L_88812_37144009","Port Jorf","JORF Z","Fournisseur X","Missing","Missing","Missing","Missing","@1649847","18261100","576835","14101300","5790420",">_2043454","3129850","MAD","F locaux","KANFAOUI.115","S - stocks","Litige","6","Echue dans 7 jours"
"611","OCP_56868:36672","U_962561_25813006","Port Jorf","JORF Z","Fournisseur X","Missing","Missing","Missing","Missing","C3238820","9429310","4724040","8416830","2449790","D_3068095","53775","MAD","F locaux","KANFAOUI.116","S - stocks","Litige","-12","Echue"
"621","JF8_37695:74130","W_892205_10536196","Port Jorf","JORF Z","Fournisseur X","Missing","Missing","Missing","Missing","D1994469","47348200","864748","37982700","10601600","F_5115914","1625950","MAD","F locaux","KANFAOUI.117","S - stocks","Litige","48","Echue dans 60 jours"
"631","JF8_64710:48862","O_904297_10129530","Port Jorf","JORF Z","Fournisseur X","Missing","Missing","Missing","Missing","@6635749","24659800","433262","14650900","6131230","B_2589882","5309580","MAD","F locaux","KANFAOUI.118","S - stocks","Litige","59","Echue dans 60 jours"
"632","OCP_61773:47332","CDS30403_0210_59048","Port Jorf","JORF B","Fournisseur Y","XX","XX","JFC38","Karim.Hfad","B918471","87276200","33826200","45866100","47338300","E_5707986","89818","EUR","F étrangers","SAMAR.8951","M - marché","SPOC","23","Echue dans 30 jours"
"641","OCP_16703:68225","K_507033_26496521","Port Jorf","JORF Z","Fournisseur X","Missing","Missing","Missing","Missing",">6284955","74174300","25257800","57367400","41850500","E_1937627","33466400","MAD","F locaux","KANFAOUI.119","S - stocks","Litige","36","Echue dans 60 jours"
"642","OCP_68961:85312","CDS30403_0210_59049","Port Jorf","JORF B","Fournisseur Y","XX","XX","JFC39","Karim.Hfad","@6391168","18555800","3867070","11311700","12268600",">_1088964","9549610","EUR","F étrangers","SAMAR.8952","M - marché","SPOC","8","Echue dans 30 jours"
"651","OCP_73321:52463","U_3129_85630360","Port Jorf","JORF Z","Fournisseur X","Missing","Missing","Missing","Missing","D5654791","5362720","328378","4406340","4481950","=_5423404","3433960","MAD","F locaux","KANFAOUI.120","S - stocks","Litige","47","Echue dans 60 jours"
"653","OCP_69218:78442","330_0003_565679","Port Jorf","JORF Z","Fournisseur Z","XX","XX","JFC39","Karim.Hfad","=5765242","68439600","64158900","65549500","27813200","D_429149","22979300","EUR","F étrangers","RIYAHI.8610","M - Frais communs - Achats de Travaux, Etudes et Prestations de service","SPOC","-2","Echue"
"661","OCP_77031:15212","Y_382224_58454959","Port Jorf","JORF Z","Fournisseur X","Missing","Missing","Missing","Missing","=4784662","82152000","31222900","37801300","38102100","A_228176","28891100","MAD","F locaux","KANFAOUI.121","S - stocks","Litige","-10","Echue"
"663","OCP_24272:42464","330_0003_565680","Port Jorf","JORF Z","Fournisseur Z","XX","XX","JFC40","Karim.Hfad","A5895524","40538200","36928200","37235600","40315000","F_4692415","11530800","EUR","F étrangers","RIYAHI.8611","M - Frais communs - Achats de Travaux, Etudes et Prestations de service","SPOC","54","Echue dans 60 jours"
"671","OCP_53564:38046","X_842938_98028954","Port Jorf","JORF Z","Fournisseur X","Missing","Missing","Missing","Missing","E2556153","57804800","5804590","23851000","12487700","@_2582957","434387","MAD","F locaux","KANFAOUI.122","S - stocks","Litige","50","Echue dans 60 jours"
"674","OCP_3313:48782","30_0003_500588","Port Jorf","JORF B","Fournisseur A","XX","XX","JFC40","Karim.Hfad","@2350615","32722100","388401","12162100","22191100","C_2070802","20858500","MAD","F locaux","KARAMI.5965","E - Equipement","SPOC","36","Echue dans 60 jours"
"681","OCP_14627:89984","I_436192_14003391","Port Jorf","JORF Z","Fournisseur X","Missing","Missing","Missing","Missing","F5118507","4416060","2928660","3094690","2405940","A_6424494","1734220","MAD","F locaux","KANFAOUI.123","S - stocks","Litige","20","Echue dans 30 jours"
"684","OCP_56957:39542","30_0003_500589","Port Jorf","JORF B","Fournisseur A","XX","XX","JFC41","Karim.Hfad","C3907476","38553400","25193900","36651300","11625600","C_4643134","8536120","MAD","F locaux","KARAMI.5966","E - Equipement","SPOC","16","Echue dans 30 jours"
"691","OCP_14620:8344","V_472492_16636685","Port Jorf","JORF Z","Fournisseur X","Missing","Missing","Missing","Missing","F6607950","35533700","6717020","13087000","30375600","B_2431589","12517500","MAD","F locaux","KANFAOUI.124","S - stocks","Litige","51","Echue dans 60 jours"
"695","OCP_40398:62212","0921_0090_33254484","Port Jorf","JORF Z","Fournisseur B","XX","XX","JFC41","Karim.Hfad","B2094331","80772000","23292300","33704600","4295240","<_5960151","555494","MAD","F locaux","HASSAN.3402","M - Frais communs - Achats de Travaux, Etudes et Prestations de service","SPOC","15","Echue dans 30 jours"
"701","JF8_72921:90545","G_352775_1428429","Port Jorf","JORF Z","Fournisseur X","Missing","Missing","Missing","Missing","@593053","12078600","1963220","6401460","5640620","C_4905734","4378820","MAD","F locaux","KANFAOUI.125","S - stocks","Litige","48","Echue dans 60 jours"
"705","OCP_59564:75431","0921_0090_33254485","Port Jorf","JORF Z","Fournisseur B","XX","XX","JFC42","Karim.Hfad",">1877336","25309900","11898400","21853000","2719320","C_2207041","720614","MAD","F locaux","HASSAN.3403","M - Frais communs - Achats de Travaux, Etudes et Prestations de service","SPOC","47","Echue dans 60 jours"
"711","JF8_59050:99594",">_143938_89173825","Port Jorf","JORF Z","Fournisseur X","Missing","Missing","Missing","Missing","E6557215","18443900","4976110","5429100","16879500","=_4370561","16004400","MAD","F locaux","KANFAOUI.126","S - stocks","Litige","2","Echue dans 7 jours"
"716","JF8_84740:47306","322_0117_561358723","Port Jorf","JORF B","Fournisseur C","XX","XX","JFC42","Karim.Hfad","@6211784","78133500","1249980","56037300","41499200","@_1714966","6975130","MAD","F locaux","RABII.959","S - stocks","SPOC","24","Echue dans 30 jours"
"721","JF8_37197:72579","D_457272_66662364","Port Jorf","JORF Z","Fournisseur X","Missing","Missing","Missing","Missing","?1080102","7675910","108744","6618960","2268200","<_1162926","1882040","MAD","F locaux","KANFAOUI.127","S - stocks","Litige","60","Echue dans 60 jours"
"731","OCP_73835:94577","N_607230_80173513","Port Jorf","JORF Z","Fournisseur X","Missing","Missing","Missing","Missing","E2578388","18483400","1348640","6686260","1641240","<_1917907","874336","MAD","F locaux","KANFAOUI.128","S - stocks","Litige","51","Echue dans 60 jours"
"741","JF8_42401:56742","W_122948_67035904","Port Jorf","JORF Z","Fournisseur X","Missing","Missing","Missing","Missing","A3525111","3898750","934159","2164820","1003580","F_3802247","776917","MAD","F locaux","KANFAOUI.129","S - stocks","Litige","30","Echue dans 30 jours"
"751","OCP_46911:50394","O_672787_62882829","Port Jorf","JORF Z","Fournisseur X","Missing","Missing","Missing","Missing","C4982722","28166700","4745800","10740400","945089","=_1038943","178358","MAD","F locaux","KANFAOUI.130","S - stocks","Litige","32","Echue dans 60 jours"
"761","OCP_61812:73766","K_506935_62660274","Port Jorf","JORF Z","Fournisseur X","Missing","Missing","Missing","Missing","=3635692","66235500","49496900","51881400","50222700","A_6611321","34629800","MAD","F locaux","KANFAOUI.131","S - stocks","Litige","-12","Echue"
"771","OCP_14469:70286","R_694435_46993928","Port Jorf","JORF Z","Fournisseur X","Missing","Missing","Missing","Missing","<264227","34722600","5244330","11655700","1219500","E_4305111","993069","MAD","F locaux","KANFAOUI.132","S - stocks","Litige","20","Echue dans 30 jours"
"781","OCP_51979:85888","=_199971_56685914","Port Jorf","JORF Z","Fournisseur X","Missing","Missing","Missing","Missing","<5546099","17592500","335780","2166480","7775320","?_6409902","3737800","MAD","F locaux","KANFAOUI.133","S - stocks","Litige","21","Echue dans 30 jours"
"791","OCP_59073:69732","V_321295_71680599","Port Jorf","JORF Z","Fournisseur X","Missing","Missing","Missing","Missing","D3838343","79586400","43013500","66740700","60794800","C_5194983","270922","MAD","F locaux","KANFAOUI.134","S - stocks","Litige","4","Echue dans 7 jours"
"801","JF8_15313:15021","L_939401_95168472","Port Jorf","JORF Z","Fournisseur X","Missing","Missing","Missing","Missing","C3493647","83494000","35137700","43405300","80963200","B_3610284","30184400","MAD","F locaux","KANFAOUI.135","S - stocks","Litige","51","Echue dans 60 jours"
"811","JF8_46767:79037","H_364815_24087943","Port Jorf","JORF Z","Fournisseur X","Missing","Missing","Missing","Missing","A3780283","438557","67899","138542","261681","A_1387066","109598","MAD","F locaux","KANFAOUI.136","S - stocks","Litige","9","Echue dans 30 jours"
"821","JF8_81893:48921","A_58705_4840991","Port Jorf","JORF Z","Fournisseur X","Missing","Missing","Missing","Missing","F4220174","19231200","10560900","16405500","4523900","C_6360697","3535830","MAD","F locaux","KANFAOUI.137","S - stocks","Litige","-15","Echue"
"831","JF8_92803:58935","N_828953_38350923","Port Jorf","JORF Z","Fournisseur X","Missing","Missing","Missing","Missing","@6480253","19034600","8345500","9374230","11942700",">_3799887","3362920","MAD","F locaux","KANFAOUI.138","S - stocks","Litige","-9","Echue"
"841","JF8_66703:97582","?_155691_59546812","Port Jorf","JORF Z","Fournisseur X","Missing","Missing","Missing","Missing",">1453621","25572400","1647900","5492840","24977900","=_2744311","6003620","MAD","F locaux","KANFAOUI.139","S - stocks","Litige","36","Echue dans 60 jours"
"842","JF8_70743:98943","CDS30403_0210_59069","Port Jorf","JORF B","Fournisseur Y","XX","XX","JFC48","Karim.Hfad","F503242","76518900","5218420","66759700","69541500","D_3046602","48824900","USD","F étrangers","SAMAR.8972","M - marché","SPOC","-18","Echue"
"851","JF8_94196:11997",">_516530_93568412","Port Jorf","JORF Z","Fournisseur X","Missing","Missing","Missing","Missing","C4097097","62702200","24122900","42745200","36074200","C_6449645","11640400","MAD","F locaux","KANFAOUI.140","S - stocks","Litige","48","Echue dans 60 jours"
"852","OCP_16452:6246","CDS30403_0210_59070","Port Jorf","JORF B","Fournisseur Y","XX","XX","JFC49","Karim.Hfad","F5958775","2313490","670025","756327","1763910","B_1500763","918184","EUR","F étrangers","SAMAR.8973","M - marché","SPOC","-1","Echue"
"861","JF8_56192:68230","K_594985_22594576","Port Jorf","JORF Z","Fournisseur X","Missing","Missing","Missing","Missing","<5125053","47849000","20746200","21642100","4012230","?_4384371","653057","MAD","F locaux","KANFAOUI.141","S - stocks","Litige","33","Echue dans 60 jours"
"863","JF8_26094:46967","330_0003_565700","Port Jorf","JORF Z","Fournisseur Z","XX","XX","JFC49","Karim.Hfad","A4200727","63473400","3491360","4762560","11480800","C_5088897","6527480","USD","F étrangers","RIYAHI.8631","M - Frais communs - Achats de Travaux, Etudes et Prestations de service","SPOC","4","Echue dans 7 jours"
"871","OCP_38525:44940","D_15869_76289173","Port Jorf","JORF Z","Fournisseur X","Missing","Missing","Missing","Missing","?3206174","2935320","239742","761368","728155","?_1741502","466768","MAD","F locaux","KANFAOUI.142","S - stocks","Litige","-2","Echue"
"873","OCP_46350:15066","330_0003_565701","Port Jorf","JORF Z","Fournisseur Z","XX","XX","JFC50","Karim.Hfad","C1246436","44426400","1757060","7116550","36329900","?_6335833","24525200","EUR","F étrangers","RIYAHI.8632","M - Frais communs - Achats de Travaux, Etudes et Prestations de service","SPOC","25","Echue dans 30 jours"
"881","OCP_92766:23936","E_501573_11716519","Port Jorf","JORF Z","Fournisseur X","Missing","Missing","Missing","Missing","F5490851","17878700","8751040","17426800","2675040","<_246529","1729980","MAD","F locaux","KANFAOUI.143","S - stocks","Litige","37","Echue dans 60 jours"
"884","OCP_81771:19050","30_0003_500609","Port Jorf","JORF B","Fournisseur A","XX","XX","JFC50","Karim.Hfad","?6229430","32989200","6164140","24805700","21316400","@_752771","4597390","MAD","F locaux","KARAMI.5986","E - Equipement","SPOC","30","Echue dans 30 jours"
"891","JF8_49087:88081","R_30582_78177016","Port Jorf","JORF Z","Fournisseur X","Missing","Missing","Missing","Missing","C422213","62963500","3332700","5772860","34406700",">_1340263","22229600","MAD","F locaux","KANFAOUI.144","S - stocks","Litige","-16","Echue"
"894","JF8_29074:74623","30_0003_500610","Port Jorf","JORF B","Fournisseur A","XX","XX","JFC51","Karim.Hfad","E2558894","2206770","413622","1137500","1282310","<_5926309","45438","MAD","F locaux","KARAMI.5987","E - Equipement","SPOC","31","Echue dans 60 jours"
"901","JF8_28700:84711","V_990238_57746270","Port Jorf","JORF Z","Fournisseur X","Missing","Missing","Missing","Missing","B3217322","24578600","4480870","17087200","13654200","A_6277516","3123190","MAD","F locaux","KANFAOUI.145","S - stocks","Litige","-4","Echue"
"902","JF8_21066:18512","CDS30403_0210_59075","Port Jorf","JORF B","Fournisseur Y","XX","XX","JFC14","MOUSAID","<2972422","46977100","5478450","33997500","521749","<_3175048","133169","USD","F étrangers","SAMAR.8978","M - marché","SPOC","46","Echue dans 60 jours"
"905","OCP_68353:97101","0921_0090_33254505","Port Jorf","JORF Z","Fournisseur B","XX","XX","JFC51","Karim.Hfad","A4344409","40689200","9563200","20639600","15677800","@_1985374","13269200","MAD","F locaux","HASSAN.3423","M - Frais communs - Achats de Travaux, Etudes et Prestations de service","SPOC","-15","Echue"
"911","JF8_48345:93541","V_10744_9965945","Port Jorf","JORF Z","Fournisseur X","Missing","Missing","Missing","Missing","C6516506","74236800","11026700","17665700","32035100","C_1978620","25305500","MAD","F locaux","KANFAOUI.146","S - stocks","Litige","18","Echue dans 30 jours"
"912","OCP_24316:42150","CDS30403_0210_59076","Port Jorf","JORF B","Fournisseur Y","XX","XX","JFC10","MOUSAID","?273329","78546400","15483600","24135900","33108200","C_3864356","21893800","EUR","F étrangers","SAMAR.8979","M - marché","SPOC","0","Echue dans 7 jours"
"915","JF8_91855:3257","0921_0090_33254506","Port Jorf","JORF Z","Fournisseur B","XX","XX","JFC52","Karim.Hfad","?4781020","18482800","6057200","7082760","3031930","E_3387618","1978150","MAD","F locaux","HASSAN.3424","M - Frais communs - Achats de Travaux, Etudes et Prestations de service","SPOC","38","Echue dans 60 jours"
"921","OCP_54480:20621","M_714140_37436833","Port Jorf","JORF Z","Fournisseur X","Missing","Missing","Missing","Missing","?6381181","47912300","5233450","19380800","34875400","B_5611380","12702300","MAD","F locaux","KANFAOUI.147","S - stocks","Litige","12","Echue dans 30 jours"
"922","JF8_82906:66569","CDS30403_0210_59077","Port Jorf","JORF B","Fournisseur Y","XX","XX","JFC13","MOUSAID","A6430559","19616100","547731","5750160","9199090","<_3522834","8330050","USD","F étrangers","SAMAR.8980","M - marché","SPOC","30","Echue dans 30 jours"
"923","OCP_30410:11924","330_0003_565706","Port Jorf","JORF Z","Fournisseur Z","XX","XX","JFC14","MOUSAID","E5935776","80502100","11106000","17578000","49166300","<_1238868","34288700","EUR","F étrangers","RIYAHI.8637","M - Frais communs - Achats de Travaux, Etudes et Prestations de service","SPOC","26","Echue dans 30 jours"
"926","JF8_31128:22109","322_0117_561358744","Port Jorf","JORF B","Fournisseur C","XX","XX","JFC52","Karim.Hfad","=1059153","89812700","14555900","84234900","37281800","E_6262369","24105400","MAD","F locaux","RABII.980","S - stocks","SPOC","0","Echue dans 7 jours"
"931","OCP_63940:26233","?_933395_35309577","Port Jorf","JORF Z","Fournisseur X","Missing","Missing","Missing","Missing","F3969874","63080900","29805900","44433200","62471500","@_3319972","50361800","MAD","F locaux","KANFAOUI.148","S - stocks","Litige","1","Echue dans 7 jours"
"932","OCP_92728:30225","CDS30403_0210_59078","Port Jorf","JORF B","Fournisseur Y","XX","XX","JFC9","MOUSAID","C5170249","34341400","5827230","26039800","10436100","?_57406","892771","EUR","F étrangers","SAMAR.8981","M - marché","SPOC","-4","Echue"
"933","OCP_57426:42305","330_0003_565707","Port Jorf","JORF Z","Fournisseur Z","XX","XX","JFC10","MOUSAID",">4770086","62310600","27992100","58274700","18143000","@_4602770","8922290","USD","F étrangers","RIYAHI.8638","M - Frais communs - Achats de Travaux, Etudes et Prestations de service","SPOC","41","Echue dans 60 jours"
"941","OCP_97584:68509","D_915588_15423348","Port Jorf","JORF Z","Fournisseur X","Missing","Missing","Missing","Missing","C4298930","90807200","3165320","25674700","60734800","F_6010155","26646200","MAD","F locaux","KANFAOUI.149","S - stocks","Litige","40","Echue dans 60 jours"
"942","JF8_19807:29898","CDS30403_0210_59079","Port Jorf","JORF B","Fournisseur Y","XX","XX","JFC12","MOUSAID","A3699211","29133600","1730900","16283000","3184410","E_2803599","2280460","EUR","F étrangers","SAMAR.8982","M - marché","SPOC","32","Echue dans 60 jours"
"943","OCP_35075:2289","330_0003_565708","Port Jorf","JORF Z","Fournisseur Z","XX","XX","JFC13","MOUSAID","?3929239","16483900","1482720","7199930","10865900","E_2779299","3868990","USD","F étrangers","RIYAHI.8639","M - Frais communs - Achats de Travaux, Etudes et Prestations de service","SPOC","27","Echue dans 30 jours"
"944","JF8_46705:46240","30_0003_500615","Port Jorf","JORF B","Fournisseur A","XX","XX","JFC14","MOUSAID","<3453535","40931900","4783750","8872040","27145200","<_1167679","16561300","MAD","F locaux","KARAMI.5992","E - Equipement","SPOC","-17","Echue"
"951","OCP_60583:82676","R_903374_82277702","Port Jorf","JORF Z","Fournisseur X","Missing","Missing","Missing","Missing","A1603115","58590700","1190170","39453500","40084600",">_5271489","13584300","MAD","F locaux","KANFAOUI.150","S - stocks","Litige","56","Echue dans 60 jours"
"952","OCP_96152:36818","CDS30403_0210_59080","Port Jorf","JORF B","Fournisseur Y","XX","XX","JFC8","MOUSAID","@6508662","3311250","2504480","2776640","15965","F_1993104","3751","USD","F étrangers","SAMAR.8983","M - marché","SPOC","10","Echue dans 30 jours"
"953","OCP_8824:99416","330_0003_565709","Port Jorf","JORF Z","Fournisseur Z","XX","XX","JFC9","MOUSAID","E3736304","88749600","26629300","85864600","51974600","A_3817406","34320800","EUR","F étrangers","RIYAHI.8640","M - Frais communs - Achats de Travaux, Etudes et Prestations de service","SPOC","14","Echue dans 30 jours"
"954","JF8_42297:64730","30_0003_500616","Port Jorf","JORF B","Fournisseur A","XX","XX","JFC10","MOUSAID","B1421082","95903900","2107650","85051900","50276000","A_331691","46803500","MAD","F locaux","KARAMI.5993","E - Equipement","SPOC","18","Echue dans 30 jours"
"961","JF8_5893:77414",">_903305_27966057","Port Jorf","JORF Z","Fournisseur X","Missing","Missing","Missing","Missing","A5874094","74636800","38626500","52511100","12775700","B_935064","3459690","MAD","F locaux","KANFAOUI.151","S - stocks","Litige","34","Echue dans 60 jours"
"962","JF8_65704:54676","CDS30403_0210_59081","Port Jorf","JORF B","Fournisseur Y","XX","XX","JFC8","MOUSAID","<5102171","28833500","10756800","24995700","2005640","C_442818","144642","EUR","F étrangers","SAMAR.8984","M - marché","SPOC","2","Echue dans 7 jours"
"963","JF8_48235:62787","330_0003_565710","Port Jorf","JORF Z","Fournisseur Z","XX","XX","JFC12","MOUSAID",">972625","55283600","1905970","2450280","36303000","?_317158","12993700","EUR","F étrangers","RIYAHI.8641","M - Frais communs - Achats de Travaux, Etudes et Prestations de service","SPOC","50","Echue dans 60 jours"
"964","OCP_74584:11381","30_0003_500617","Port Jorf","JORF B","Fournisseur A","XX","XX","JFC13","MOUSAID","E1755429","73703300","1158340","11049000","68343600","C_3333835","11053900","MAD","F locaux","KARAMI.5994","E - Equipement","SPOC","22","Echue dans 30 jours"
"965","OCP_38787:57470","0921_0090_33254511","Port Jorf","JORF Z","Fournisseur B","XX","XX","JFC14","MOUSAID","<1627067","64059700","5448970","22178800","45037600","B_2807110","31687000","MAD","F locaux","HASSAN.3429","M - Frais communs - Achats de Travaux, Etudes et Prestations de service","SPOC","16","Echue dans 30 jours"
"971","JF8_87441:18113","@_975373_50907204","Port Jorf","JORF Z","Fournisseur X","Missing","Missing","Missing","Missing","B1336284","9678520","4335680","8312890","1206550",">_5483890","494006","MAD","F locaux","KANFAOUI.152","S - stocks","Litige","-2","Echue"
"972","OCP_96690:35402","CDS30403_0210_59082","Port Jorf","JORF B","Fournisseur Y","XX","XX","JFC7","DARIH","?2943458","3978200","1732990","2105320","433076","?_4932060","54715","EUR","F étrangers","SAMAR.8985","M - marché","SPOC","-17","Echue"
"973","JF8_43804:86680","330_0003_565711","Port Jorf","JORF Z","Fournisseur Z","XX","XX","JFC8","MOUSAID","A5987537","38392000","1228470","3355040","33538400","D_6409044","27468800","EUR","F étrangers","RIYAHI.8642","M - Frais communs - Achats de Travaux, Etudes et Prestations de service","SPOC","53","Echue dans 60 jours"
"974","JF8_15054:87494","30_0003_500618","Port Jorf","JORF B","Fournisseur A","XX","XX","JFC9","MOUSAID","=666834","53198000","28469000","45696000","7163030",">_3905456","1572480","MAD","F locaux","KARAMI.5995","E - Equipement","SPOC","49","Echue dans 60 jours"
"975","OCP_59156:63917","0921_0090_33254512","Port Jorf","JORF Z","Fournisseur B","XX","XX","JFC10","MOUSAID","D3031093","37756300","1568570","23658300","27217900",">_5689616","17687100","MAD","F locaux","HASSAN.3430","M - Frais communs - Achats de Travaux, Etudes et Prestations de service","SPOC","0","Echue dans 7 jours"
"981","JF8_89040:15879","Z_595003_10880648","Port Jorf","JORF Z","Fournisseur X","Missing","Missing","Missing","Missing","B2426240","68535500","25405700","27280200","62945400","<_5901655","36678000","MAD","F locaux","KANFAOUI.153","S - stocks","Litige","32","Echue dans 60 jours"
"982","JF8_65086:93965","CDS30403_0210_59083","Port Jorf","JORF B","Fournisseur Y","XX","XX","JFC7","DARIH","A5257370","82629900","6144220","58268700","67687300","<_122509","26083500","USD","F étrangers","SAMAR.8986","M - marché","SPOC","51","Echue dans 60 jours"
"983","OCP_78913:28492","330_0003_565712","Port Jorf","JORF Z","Fournisseur Z","XX","XX","JFC8","MOUSAID","D1534189","50848700","48749900","49232700","11434900","?_202522","7688640","EUR","F étrangers","RIYAHI.8643","M - Frais communs - Achats de Travaux, Etudes et Prestations de service","SPOC","-2","Echue"
"984","JF8_68657:16524","30_0003_500619","Port Jorf","JORF B","Fournisseur A","XX","XX","JFC12","MOUSAID","<1744223","86284700","995665","30557200","627414","B_1897158","454694","MAD","F locaux","KARAMI.5996","E - Equipement","SPOC","36","Echue dans 60 jours"
"985","JF8_50980:93165","0921_0090_33254513","Port Jorf","JORF Z","Fournisseur B","XX","XX","JFC13","MOUSAID","C4096291","50516000","22917700","42456000","43990800","F_4293184","4841400","MAD","F locaux","HASSAN.3431","M - Frais communs - Achats de Travaux, Etudes et Prestations de service","SPOC","11","Echue dans 30 jours"
"986","OCP_74896:14357","322_0117_561358750","Port Jorf","JORF B","Fournisseur C","XX","XX","JFC14","MOUSAID","@6496124","24501100","16171900","17982900","18987800","F_3568073","6221970","MAD","F locaux","RABII.986","S - stocks","SPOC","55","Echue dans 60 jours"
"991","OCP_29161:99634","@_674316_64089814","Port Jorf","JORF Z","Fournisseur X","Missing","Missing","Missing","Missing","C5039197","55724300","38419700","39320700","34244500","E_6383829","25088900","MAD","F locaux","KANFAOUI.154","S - stocks","Litige","-13","Echue"
"992","JF8_3807:20369","CDS30403_0210_59084","Port Jorf","JORF B","Fournisseur Y","XX","XX","JFC7","RATIB",">5242689","44227900","21374900","30625800","22496200","@_198516","6035500","USD","F étrangers","SAMAR.8987","M - marché","SPOC","-14","Echue"
"993","OCP_69263:78570","330_0003_565713","Port Jorf","JORF Z","Fournisseur Z","XX","XX","JFC7","DARIH","A5286353","89335000","3913510","6216150","79984700","C_4368281","66807600","USD","F étrangers","RIYAHI.8644","M - Frais communs - Achats de Travaux, Etudes et Prestations de service","SPOC","15","Echue dans 30 jours"
"994","OCP_64352:6162","30_0003_500620","Port Jorf","JORF B","Fournisseur A","XX","XX","JFC8","MOUSAID",">27739","2968720","927327","1147960","190508","C_6363105","87838","MAD","F locaux","KARAMI.5997","E - Equipement","SPOC","12","Echue dans 30 jours"
"995","OCP_58743:97983","0921_0090_33254514","Port Jorf","JORF Z","Fournisseur B","XX","XX","JFC9","MOUSAID","<4905213","19583300","2811440","19515400","18607200",">_4669414","2290080","MAD","F locaux","HASSAN.3432","M - Frais communs - Achats de Travaux, Etudes et Prestations de service","SPOC","-12","Echue"
"996","JF8_9934:65604","322_0117_561358751","Port Jorf","JORF B","Fournisseur C","XX","XX","JFC10","MOUSAID","E2667128","68641900","2238700","3936800","54181200","B_2699743","47529800","MAD","F locaux","RABII.987","S - stocks","SPOC","58","Echue dans 60 jours"
