"RANK","Nom Unité Opérationnelle","Identifiant GED","Site CEC","Service","Fournisseur","Blocage","Chef de projet","Entité","CA","Num commande","Montant de la commande/Appel de cde","Montant des réceptions","Montant des factures","Montant mise à disposition","Numéro Facture","Montant Facture TTC (DEVISE)","Devise Facture","Type","Acheteur","Type d'achat PO","Intervenant","Nombre de jours à l'échéance","Échéance"
"8482","OCP_41: OCP ","PRO30403_0210_5668652","Port Jorf","JORF Z","Fournisseur X","Manque réception","ALAMI","ASSURANCE","DARIH","6525","56595","15000","15000","15000","DFV8D59","15000","EUR","F étrangers","KANFAOUI.55","S - stocks","Litige","30","Echue dans 30 jours"
"7747","JF8_01: JF8","CDS30403_0210_58985","Port Jorf","JORF B","Fournisseur Y","Manque confirmation","BAJJAOUI","JFC8","Karim.Hfad","65298","65399","0","0","0","6565","150","USD","F étrangers","SAMAR.8888","M - marché","SPOC","55","Echue dans 60 jours"
"6354","OCP_84: OCP ","330_0003_565614","Port Jorf","JFC","Fournisseur Z","Manque copie assurance","SAADI","JPH","Karim.Hfad","9859","2622","2622","2622","0","5625/53","2523","EUR","F étrangers","RIYAHI.8545","M - Frais communs - Achats de Travaux, Etudes et Prestations de service","SPOC","4","Echue dans 7 jours"
"10774","OCP_40: OCP ","30_0003_500521","Port Jorf","JORF","Fournisseur A","Accord sur quantité ","SAOUDI","MEDICAL","RATIB","56662","3295","1533","850","1533","DS-22","54000","MAD","F locaux","KARAMI.5898","E - Equipement","SPOC","21","Echue dans 30 jours"
"3774","OCP_84: OCP ","0921_0090_33254415","Port Jorf","JORF","Fournisseur B","Manque confirmation assurance","ARFAOUI","JFC7","RATIB","2959","959595","59565","52633","59565","FA25888","233","MAD","F locaux","HASSAN.3333","M - Frais communs - Achats de Travaux, Etudes et Prestations de service","SPOC","40","Echue dans 60 jours"
"7963","OCP_94: OCP ","322_0117_561358652","Port Jorf","JORF","Fournisseur C","Manque réception, Ei, Pénalités","ARFAOUI","JFC7","DARIH","ZPK474_721","95959","0","0","0","125815","259","MAD","F locaux","RABII.888","S - stocks","SPOC","19","Echue dans 30 jours"
"11456","OCP_40: OCP ","327_0001_256390","Port Jorf","JORF","Fournisseur D","Manque réception","KAMALI","JFC8","MOUSAID","122222","563","542","25","65","AC565.","150","MAD","F locaux","FAROKI.855","M - marché","SPOC","60","Echue dans 60 jours"
"254254","OCP_40: OCP ","327_0001_256337","Port Jorf","JORF","Fournisseur D","Manque réception","KAMALI","JFC10","MOUSAID","152","254254","254","36536","35000","36146","54245","MAD","F locaux","FAROKI.855","S - stocks","SPOC","60","Echue dans 60 jours"
